label,num_cycles,cpi,ipc,num_insts,int_alu,int_mult,int_div,mem_read,mem_write,fp_total,alu_pct,mult_pct,mem_rd_pct,mem_wr_pct,bp_lookups,bp_mispredicted,bp_squashes,bp_committed,bp_miss_rate,bp_squash_per_kinst,branch_penalty_cycles_est,branch_penalty_total,branch_penalty_pct,icache_hits,icache_misses,icache_accesses,icache_miss_rate,dcache_hits,dcache_misses,dcache_accesses,dcache_miss_rate,dcache_replacements,dcache_blocked_no_mshrs,mem_rd_accesses,mem_wr_accesses,mem_avg_lat,pref_useful,pref_useless,pref_accuracy
coremark-iw3,16446548,0.99611,1.003905,16510779,12583344,469903,92,2737681,719150,0,76.21290309803068,2.8460377308666054,16.581174031824908,4.355639428036678,3222330,98184,246645,2975680,3.2995483385310247,14.938422953877586,8,1973160,11.99741125006901,6907302,207,6907509,0.003,3475415,132,3475547,0.0038000000000000004,586,0,47,586,27253.99,1013,0,100.0
coremark-iw2,17861233,1.081792,0.924392,16510779,12583344,469903,92,2737681,719150,0,76.21290309803068,2.8460377308666054,16.581174031824908,4.355639428036678,3194235,98183,218549,2975680,3.2995147327669643,13.236746733754963,8,1748392,9.788753105678651,7099672,204,7099876,0.0029,3466391,132,3466523,0.0038000000000000004,586,0,47,586,27464.64,1013,0,100.0
